Model,Accuracy,Balanced Accuracy,Precision,Recall,F1-score,MCC,PR-AUC (Class 0 - Real),PR-AUC (Class 1 - Fake),ROC-AUC (Class 0 - Real),ROC-AUC (Class 1 - Fake)
Simple,0.7435575058344016,0.7332475433730068,0.30242283264943415,0.7192317255096967,0.4258036026421829,0.34032699900473756,0.7993935003683694,0.5293864284073767,0.7332475433730068,0.7332475433730068
MCC,0.7173355684843704,0.7423233696714207,0.28850951764923305,0.7762928891098956,0.42067502021018593,0.3428969622939965,0.8089221273201275,0.5471885353323632,0.7423233696714207,0.7423233696714207
PR-AUC,0.763599907964369,0.7249053824283851,0.3152249941711355,0.6723023371456986,0.4292063492063492,0.3386039506784987,0.7909931812457288,0.515424908796832,0.7249053824283851,0.7249053824283851
0.7PR-AUC,0.752687111724682,0.7304200312168909,0.3082986643310707,0.7001491795126803,0.4280936454849498,0.3405440634714705,0.7955680078221603,0.5240444524415482,0.7304200312168909,0.7304200312168909
0.7MCC,0.7338773296519081,0.7373384964566781,0.2971647624026087,0.7420437593237196,0.42437923250564336,0.34189507223608384,0.8029896060205752,0.5366555049876751,0.7373384964566783,0.7373384964566783